{
  "model_6330_matches": {
    "n_test_samples": 8377,
    "vocab_size": 172,
    "loss": 3.744082450866699,
    "top1_acc": 0.09179897337949146,
    "top3_acc": 0.2010266205085353,
    "top5_acc": 0.2879312403008237
  },
  "model_7725_matches": {
    "n_test_samples": 8377,
    "vocab_size": 172,
    "loss": 3.7245419025421143,
    "top1_acc": 0.08917273486928495,
    "top3_acc": 0.20615972305121166,
    "top5_acc": 0.2979586964307031
  },
  "model_10000_matches": {
    "n_test_samples": 8377,
    "vocab_size": 172,
    "loss": 3.6899681091308594,
    "top1_acc": 0.09514145875611794,
    "top3_acc": 0.21785842186940432,
    "top5_acc": 0.3067924077832159
  },
  "model_20680_matches": {
    "n_test_samples": 8377,
    "vocab_size": 172,
    "loss": 3.660104990005493,
    "top1_acc": 0.0964545780112212,
    "top3_acc": 0.22012653694640086,
    "top5_acc": 0.3145517488360988
  }
}